sample_id,rule_rank,teacher_rank,rank_delta_rule_minus_teacher,rule_overall,teacher_overall
battery,3,3,0,76.01,76.81
care,9,9,0,66.04,57.06
earbuds,10,10,0,48.17,37.75
focus,1,1,0,78.61,84.06
marathon,7,4,3,67.12,73.19
meeting,4,8,-4,74.66,57.44
sleep,8,2,6,66.85,78.88
status,6,7,-1,70.51,66.56
warn,2,6,-4,76.56,72.44
weather,5,5,0,74.39,72.69
