sample_id,rule_bucket,teacher_bucket,bucket_match,bad_case_type
battery,high,high,True,ok
care,mid,low,False,large_error
earbuds,low,low,True,large_error
focus,high,high,True,ok
marathon,mid,mid,True,ok
meeting,mid,low,False,large_error
sleep,mid,high,False,large_error
status,mid,mid,True,ok
warn,high,mid,False,ok
weather,mid,mid,True,ok
